{"SVM": {"No Finding": [0.8908594815825375, 0.8949522510231923, 0.8799454297407913, 0.8799454297407913, 0.8963165075034106, 0.9113233287858117, 0.8826739427012278, 0.8949522510231923, 0.8908594815825375, 0.897680763983629, 0.8949522510231923, 0.91268758526603, 0.9195088676671214, 0.9017735334242838, 0.9140518417462483, 0.8963165075034106, 0.9140518417462483, 0.9045020463847203, 0.9195088676671214, 0.8826739427012278], "Enlarged Cardiom.": [0.9358799454297408, 0.9618008185538881, 0.9331514324693042, 0.9440654843110505, 0.931787175989086, 0.9522510231923602, 0.9454297407912687, 0.9345156889495225, 0.9508867667121419, 0.9508867667121419, 0.9427012278308322, 0.9345156889495225, 0.9522510231923602, 0.956343792633015, 0.9440654843110505, 0.9440654843110505, 0.9399727148703957, 0.9508867667121419, 0.946793997271487, 0.9358799454297408], "Cardiomegaly": [0.9536152796725784, 0.9713506139154161, 0.9481582537517054, 0.946793997271487, 0.946793997271487, 0.956343792633015, 0.9618008185538881, 0.9508867667121419, 0.9631650750341064, 0.9631650750341064, 0.9522510231923602, 0.9399727148703957, 0.9604365620736699, 0.9645293315143247, 0.9604365620736699, 0.9481582537517054, 0.9590723055934516, 0.956343792633015, 0.965893587994543, 0.9522510231923602], "Lung Lesion": [0.9113233287858117, 0.9140518417462483, 0.91268758526603, 0.91268758526603, 0.8990450204638472, 0.9167803547066848, 0.903137789904502, 0.9058663028649386, 0.9072305593451568, 0.9181446111869032, 0.9045020463847203, 0.9167803547066848, 0.9140518417462483, 0.9181446111869032, 0.9004092769440655, 0.9167803547066848, 0.8990450204638472, 0.9004092769440655, 0.9113233287858117, 0.888130968622101], "Lung Opacity": [0.9154160982264665, 0.9208731241473397, 0.9263301500682128, 0.9263301500682128, 0.922237380627558, 0.9181446111869032, 0.9208731241473397, 0.9208731241473397, 0.9290586630286494, 0.9249658935879945, 0.9263301500682128, 0.9263301500682128, 0.9263301500682128, 0.9249658935879945, 0.9072305593451568, 0.9236016371077762, 0.9113233287858117, 0.9072305593451568, 0.9140518417462483, 0.897680763983629], "Edema": [0.984993178717599, 0.990450204638472, 0.9877216916780355, 0.9877216916780355, 0.984993178717599, 0.9877216916780355, 0.9836289222373806, 0.9877216916780355, 0.9931787175989086, 0.990450204638472, 0.9822646657571623, 0.9890859481582538, 0.9890859481582538, 0.9918144611186903, 0.9959072305593452, 0.9877216916780355, 0.9918144611186903, 0.990450204638472, 0.9918144611186903, 0.9945429740791268], "Consolidation": [0.9931787175989086, 0.9877216916780355, 0.9890859481582538, 0.9931787175989086, 0.9959072305593452, 0.9877216916780355, 0.990450204638472, 0.9918144611186903, 0.9945429740791268, 0.9931787175989086, 0.9931787175989086, 0.9945429740791268, 0.9918144611186903, 0.9986357435197817, 0.9918144611186903, 0.984993178717599, 0.9931787175989086, 0.9931787175989086, 0.9931787175989086, 0.9931787175989086], "Pneumonia": [0.9918144611186903, 0.9863574351978172, 0.9890859481582538, 0.9863574351978172, 0.9863574351978172, 0.9890859481582538, 0.990450204638472, 0.9918144611186903, 0.9945429740791268, 0.9945429740791268, 0.9890859481582538, 0.9877216916780355, 0.9931787175989086, 0.990450204638472, 0.990450204638472, 0.9836289222373806, 0.9863574351978172, 0.9945429740791268, 0.9918144611186903, 0.9945429740791268], "Atelectasis": [0.9740791268758526, 0.9699863574351978, 0.9686221009549796, 0.965893587994543, 0.975443383356071, 0.975443383356071, 0.9781718963165075, 0.9699863574351978, 0.9740791268758526, 0.9727148703956344, 0.9836289222373806, 0.9727148703956344, 0.9686221009549796, 0.9699863574351978, 0.975443383356071, 0.9645293315143247, 0.9699863574351978, 0.9672578444747613, 0.9699863574351978, 0.9781718963165075], "Pneumothorax": [0.9877216916780355, 0.9931787175989086, 0.9945429740791268, 0.9972714870395635, 0.9877216916780355, 0.9959072305593452, 0.9931787175989086, 0.9877216916780355, 0.990450204638472, 0.990450204638472, 1.0, 0.9931787175989086, 0.990450204638472, 0.9877216916780355, 0.9931787175989086, 0.9931787175989086, 0.990450204638472, 0.9986357435197817, 0.9972714870395635, 0.9890859481582538], "Pleural Effusion": [0.9604365620736699, 0.9740791268758526, 0.9672578444747613, 0.975443383356071, 0.956343792633015, 0.9577080491132333, 0.9645293315143247, 0.9686221009549796, 0.9672578444747613, 0.9549795361527967, 0.965893587994543, 0.9604365620736699, 0.9577080491132333, 0.9740791268758526, 0.9645293315143247, 0.9590723055934516, 0.9727148703956344, 0.9645293315143247, 0.9604365620736699, 0.9727148703956344], "Pleural Other": [0.9713506139154161, 0.9809004092769441, 0.9795361527967258, 0.9809004092769441, 0.9740791268758526, 0.9795361527967258, 0.975443383356071, 0.9809004092769441, 0.9740791268758526, 0.9877216916780355, 0.975443383356071, 0.9822646657571623, 0.9822646657571623, 0.9809004092769441, 0.9836289222373806, 0.9863574351978172, 0.9836289222373806, 0.9740791268758526, 0.9809004092769441, 0.9727148703956344], "Fracture": [0.9809004092769441, 0.9863574351978172, 0.9795361527967258, 0.9686221009549796, 0.9740791268758526, 0.975443383356071, 0.9740791268758526, 0.9740791268758526, 0.9781718963165075, 0.9768076398362893, 0.9809004092769441, 0.9809004092769441, 0.9781718963165075, 0.9795361527967258, 0.9768076398362893, 0.9781718963165075, 0.984993178717599, 0.9686221009549796, 0.9822646657571623, 0.9809004092769441], "Support Devices": [0.9304229195088677, 0.9263301500682128, 0.9440654843110505, 0.9304229195088677, 0.9454297407912687, 0.9454297407912687, 0.9440654843110505, 0.931787175989086, 0.9358799454297408, 0.9386084583901774, 0.9522510231923602, 0.9304229195088677, 0.946793997271487, 0.9331514324693042, 0.9399727148703957, 0.9427012278308322, 0.9454297407912687, 0.927694406548431, 0.9454297407912687, 0.9386084583901774]}, "Decision Tree": {"No Finding": [0.7244201909959073, 0.7407912687585266, 0.7257844474761255, 0.723055934515689, 0.7025920873124147, 0.7530695770804912, 0.73806275579809, 0.732605729877217, 0.7517053206002728, 0.7530695770804912, 0.7148703956343793, 0.7667121418826739, 0.7394270122783083, 0.7503410641200545, 0.7598908594815825, 0.7421555252387448, 0.7285129604365621, 0.7189631650750341, 0.7312414733969986, 0.7421555252387448], "Enlarged Cardiom.": [0.8458390177353342, 0.8813096862210096, 0.82537517053206, 0.8758526603001364, 0.8567530695770805, 0.8731241473396999, 0.8676671214188267, 0.869031377899045, 0.8922237380627558, 0.8635743519781719, 0.8676671214188267, 0.844474761255116, 0.8622100954979536, 0.8772169167803547, 0.8744884038199181, 0.849931787175989, 0.8567530695770805, 0.8731241473396999, 0.8772169167803547, 0.8608458390177354], "Cardiomegaly": [0.8908594815825375, 0.8963165075034106, 0.8799454297407913, 0.8731241473396999, 0.8758526603001364, 0.8717598908594816, 0.9072305593451568, 0.869031377899045, 0.878581173260573, 0.8990450204638472, 0.8908594815825375, 0.8567530695770805, 0.8813096862210096, 0.888130968622101, 0.8840381991814461, 0.8717598908594816, 0.8922237380627558, 0.8867667121418826, 0.888130968622101, 0.8840381991814461], "Lung Lesion": [0.7421555252387448, 0.7776261937244202, 0.7339699863574352, 0.7489768076398363, 0.732605729877217, 0.732605729877217, 0.7394270122783083, 0.7667121418826739, 0.723055934515689, 0.7285129604365621, 0.7585266030013642, 0.7557980900409277, 0.7503410641200545, 0.7762619372442019, 0.7189631650750341, 0.7285129604365621, 0.7448840381991815, 0.747612551159618, 0.7353342428376535, 0.732605729877217], "Lung Opacity": [0.7407912687585266, 0.7762619372442019, 0.7762619372442019, 0.7598908594815825, 0.762619372442019, 0.7435197817189632, 0.7748976807639836, 0.73806275579809, 0.7285129604365621, 0.7366984993178718, 0.7421555252387448, 0.747612551159618, 0.7598908594815825, 0.7858117326057299, 0.7639836289222374, 0.7557980900409277, 0.7598908594815825, 0.7094133697135061, 0.7435197817189632, 0.7557980900409277],