{"all-MiniLM-L12-v2": {"No Finding": [0.8949522510231923, 0.9004092769440655, 0.9085948158253752, 0.878581173260573, 0.897680763983629, 0.8990450204638472, 0.8935879945429741, 0.8963165075034106, 0.9004092769440655, 0.8990450204638472, 0.8854024556616644, 0.9004092769440655, 0.9004092769440655, 0.8867667121418826, 0.888130968622101, 0.8935879945429741, 0.9072305593451568, 0.8949522510231923, 0.8935879945429741, 0.8894952251023193], "Enlarged Cardiom.": [0.931787175989086, 0.9522510231923602, 0.9536152796725784, 0.9522510231923602, 0.9645293315143247, 0.9536152796725784, 0.956343792633015, 0.956343792633015, 0.937244201909959, 0.9386084583901774, 0.946793997271487, 0.9549795361527967, 0.9508867667121419, 0.9481582537517054, 0.9427012278308322, 0.9495225102319236, 0.9522510231923602, 0.9454297407912687, 0.9577080491132333, 0.9618008185538881], "Cardiomegaly": [0.9522510231923602, 0.9618008185538881, 0.9699863574351978, 0.9645293315143247, 0.9768076398362893, 0.9672578444747613, 0.9645293315143247, 0.9699863574351978, 0.9618008185538881, 0.9672578444747613, 0.9577080491132333, 0.9727148703956344, 0.965893587994543, 0.965893587994543, 0.9536152796725784, 0.9618008185538881, 0.9713506139154161, 0.9618008185538881, 0.965893587994543, 0.9727148703956344], "Lung Lesion": [0.9140518417462483, 0.9386084583901774, 0.9072305593451568, 0.9113233287858117, 0.9072305593451568, 0.9167803547066848, 0.9154160982264665, 0.9113233287858117, 0.8990450204638472, 0.922237380627558, 0.9263301500682128, 0.9017735334242838, 0.9140518417462483, 0.9045020463847203, 0.903137789904502, 0.9195088676671214, 0.9113233287858117, 0.9167803547066848, 0.9195088676671214, 0.9263301500682128], "Lung Opacity": [0.9236016371077762, 0.9358799454297408, 0.9195088676671214, 0.9195088676671214, 0.9058663028649386, 0.91268758526603, 0.9249658935879945, 0.9249658935879945, 0.9072305593451568, 0.9181446111869032, 0.9263301500682128, 0.91268758526603, 0.9236016371077762, 0.9154160982264665, 0.9004092769440655, 0.9195088676671214, 0.9085948158253752, 0.9249658935879945, 0.91268758526603, 0.931787175989086], "Edema": [0.9877216916780355, 0.9890859481582538, 0.9836289222373806, 0.9836289222373806, 0.9822646657571623, 0.9863574351978172, 0.9877216916780355, 0.9836289222373806, 0.9809004092769441, 0.9945429740791268, 0.984993178717599, 0.9877216916780355, 0.9918144611186903, 0.990450204638472, 0.9836289222373806, 0.984993178717599, 0.9863574351978172, 0.984993178717599, 0.9931787175989086, 0.984993178717599], "Consolidation": [0.990450204638472, 0.9863574351978172, 0.9972714870395635, 0.9918144611186903, 0.9918144611186903, 0.9972714870395635, 0.9931787175989086, 0.9959072305593452, 0.9931787175989086, 0.9959072305593452, 0.9945429740791268, 0.9945429740791268, 0.9959072305593452, 0.9918144611186903, 0.9931787175989086, 0.9931787175989086, 0.9931787175989086, 0.984993178717599, 0.990450204638472, 0.9918144611186903], "Pneumonia": [0.9836289222373806, 0.9918144611186903, 0.9959072305593452, 0.9931787175989086, 0.9945429740791268, 0.9931787175989086, 0.9931787175989086, 0.9890859481582538, 0.990450204638472, 0.9877216916780355, 0.9931787175989086, 0.9918144611186903, 0.9918144611186903, 0.9931787175989086, 0.9945429740791268, 0.990450204638472, 0.9863574351978172, 0.9918144611186903, 0.990450204638472, 0.9890859481582538], "Atelectasis": [0.9795361527967258, 0.9686221009549796, 0.9631650750341064, 0.9672578444747613, 0.9727148703956344, 0.9727148703956344, 0.965893587994543, 0.9740791268758526, 0.9727148703956344, 0.9672578444747613, 0.9713506139154161, 0.9713506139154161, 0.9631650750341064, 0.9740791268758526, 0.975443383356071, 0.9699863574351978, 0.9740791268758526, 0.9631650750341064, 0.9713506139154161, 0.9768076398362893], "Pneumothorax": [0.9959072305593452, 0.990450204638472, 0.9931787175989086, 0.9931787175989086, 0.984993178717599, 0.9931787175989086, 0.990450204638472, 0.9945429740791268, 0.984993178717599, 0.9959072305593452, 0.9931787175989086, 0.9918144611186903, 0.9945429740791268, 0.9890859481582538, 0.9931787175989086, 0.9931787175989086, 0.9945429740791268, 0.9931787175989086, 0.9959072305593452, 0.9945429740791268], "Pleural Effusion": [0.9727148703956344, 0.9618008185538881, 0.9495225102319236, 0.9549795361527967, 0.9590723055934516, 0.9604365620736699, 0.9645293315143247, 0.9536152796725784, 0.9522510231923602, 0.965893587994543, 0.9508867667121419, 0.965893587994543, 0.9590723055934516, 0.9672578444747613, 0.9645293315143247, 0.956343792633015, 0.9699863574351978, 0.9645293315143247, 0.9795361527967258, 0.9699863574351978], "Pleural Other": [0.9795361527967258, 0.9686221009549796, 0.9822646657571623, 0.9768076398362893, 0.984993178717599, 0.9795361527967258, 0.990450204638472, 0.9699863574351978, 0.9809004092769441, 0.9713506139154161, 0.9795361527967258, 0.9822646657571623, 0.9768076398362893, 0.9836289222373806, 0.9809004092769441, 0.9809004092769441, 0.9768076398362893, 0.9781718963165075, 0.9836289222373806, 0.9822646657571623], "Fracture": [0.9699863574351978, 0.9768076398362893, 0.9768076398362893, 0.975443383356071, 0.975443383356071, 0.9836289222373806, 0.9809004092769441, 0.9740791268758526, 0.975443383356071, 0.9822646657571623, 0.984993178717599, 0.9781718963165075, 0.9809004092769441, 0.9809004092769441, 0.9768076398362893, 0.9781718963165075, 0.984993178717599, 0.9795361527967258, 0.9836289222373806, 0.9727148703956344], "Support Devices": [0.9454297407912687, 0.9386084583901774, 0.927694406548431, 0.9440654843110505, 0.9304229195088677, 0.931787175989086, 0.9386084583901774, 0.9386084583901774, 0.9358799454297408, 0.9440654843110505, 0.9236016371077762, 0.9249658935879945, 0.9481582537517054, 0.931787175989086, 0.9249658935879945, 0.9290586630286494, 0.9358799454297408, 0.9454297407912687, 0.9358799454297408, 0.9427012278308322]}, "multi-qa-mpnet-base-dot-v1": {"No Finding": [0.8949522510231923, 0.9072305593451568, 0.903137789904502, 0.8813096862210096, 0.9099590723055935, 0.8963165075034106, 0.8922237380627558, 0.897680763983629, 0.8840381991814461, 0.8990450204638472, 0.8922237380627558, 0.8867667121418826, 0.8922237380627558, 0.8990450204638472, 0.9017735334242838, 0.888130968622101, 0.8922237380627558, 0.897680763983629, 0.903137789904502, 0.9072305593451568], "Enlarged Cardiom.": [0.931787175989086, 0.937244201909959, 0.9495225102319236, 0.9399727148703957, 0.956343792633015, 0.9440654843110505, 0.946793997271487, 0.9481582537517054, 0.9331514324693042, 0.9345156889495225, 0.9386084583901774, 0.9481582537517054, 0.9399727148703957, 0.9413369713506139, 0.927694406548431, 0.9440654843110505, 0.9413369713506139, 0.9358799454297408, 0.9454297407912687, 0.9536152796725784], "Cardiomegaly": [0.9522510231923602, 0.9454297407912687, 0.9590723055934516, 0.9549795361527967, 0.9727148703956344, 0.9536152796725784, 0.9618008185538881, 0.9577080491132333, 0.9440654843110505, 0.9536152796725784, 0.9508867667121419, 0.9618008185538881, 0.9522510231923602, 0.9549795361527967, 0.9413369713506139, 0.9536152796725784, 0.9631650750341064, 0.946793997271487, 0.9536152796725784, 0.9631650750341064], "Lung Lesion": [0.9140518417462483, 0.9113233287858117, 0.8963165075034106, 0.9072305593451568, 0.8990450204638472, 0.9208731241473397, 0.8922237380627558, 0.9167803547066848, 0.8922237380627558, 0.9208731241473397, 0.9249658935879945, 0.9072305593451568, 0.91268758526603, 0.8963165075034106, 0.888130968622101, 0.903137789904502, 0.9140518417462483, 0.9236016371077762, 0.9085948158253752, 0.9181446111869032], "Lung Opacity": [0.9236016371077762, 0.9249658935879945, 0.9236016371077762, 0.9195088676671214, 0.9072305593451568, 0.931787175989086, 0.91268758526603, 0.922237380627558, 0.9085948158253752, 0.922237380627558, 0.9249658935879945, 0.9195088676671214, 0.9236016371077762, 0.9154160982264665, 0.8935879945429741, 0.91268758526603, 0.9236016371077762, 0.9304229195088677, 0.9154160982264665, 0.9290586630286494],