{"SVM": {"No Finding": [0.8840381991814461, 0.878581173260573, 0.8949522510231923, 0.897680763983629, 0.8949522510231923, 0.9045020463847203, 0.897680763983629, 0.9058663028649386, 0.8935879945429741, 0.9017735334242838, 0.8840381991814461, 0.8935879945429741, 0.8894952251023193, 0.8908594815825375, 0.9004092769440655, 0.9045020463847203, 0.9085948158253752, 0.8963165075034106, 0.8840381991814461, 0.9099590723055935], "Enlarged Cardiom.": [0.931787175989086, 0.946793997271487, 0.9413369713506139, 0.9536152796725784, 0.9386084583901774, 0.9345156889495225, 0.9345156889495225, 0.937244201909959, 0.9481582537517054, 0.937244201909959, 0.9495225102319236, 0.9399727148703957, 0.9413369713506139, 0.9522510231923602, 0.9577080491132333, 0.931787175989086, 0.9495225102319236, 0.9345156889495225, 0.9495225102319236, 0.946793997271487], "Cardiomegaly": [0.9440654843110505, 0.9618008185538881, 0.956343792633015, 0.9618008185538881, 0.9495225102319236, 0.9590723055934516, 0.9495225102319236, 0.9618008185538881, 0.9604365620736699, 0.9604365620736699, 0.9590723055934516, 0.9522510231923602, 0.9604365620736699, 0.9604365620736699, 0.9590723055934516, 0.9481582537517054, 0.9577080491132333, 0.9590723055934516, 0.9631650750341064, 0.9645293315143247], "Lung Lesion": [0.91268758526603, 0.9004092769440655, 0.9072305593451568, 0.9099590723055935, 0.9045020463847203, 0.9072305593451568, 0.903137789904502, 0.9058663028649386, 0.9195088676671214, 0.9167803547066848, 0.897680763983629, 0.9085948158253752, 0.91268758526603, 0.8949522510231923, 0.903137789904502, 0.8990450204638472, 0.9058663028649386, 0.903137789904502, 0.9113233287858117, 0.9181446111869032], "Lung Opacity": [0.9236016371077762, 0.9140518417462483, 0.9099590723055935, 0.9167803547066848, 0.9195088676671214, 0.9208731241473397, 0.9154160982264665, 0.931787175989086, 0.922237380627558, 0.9249658935879945, 0.9113233287858117, 0.9290586630286494, 0.9181446111869032, 0.9099590723055935, 0.9099590723055935, 0.9045020463847203, 0.9140518417462483, 0.8990450204638472, 0.9154160982264665, 0.91268758526603], "Edema": [0.9890859481582538, 0.9931787175989086, 0.9931787175989086, 0.9836289222373806, 0.9877216916780355, 0.990450204638472, 0.9918144611186903, 0.9877216916780355, 0.9836289222373806, 0.9890859481582538, 0.9877216916780355, 0.9918144611186903, 0.9890859481582538, 0.990450204638472, 0.9890859481582538, 0.990450204638472, 0.9959072305593452, 0.984993178717599, 0.9931787175989086, 0.990450204638472], "Consolidation": [0.9890859481582538, 0.9890859481582538, 0.9918144611186903, 0.9945429740791268, 0.9931787175989086, 0.9931787175989086, 0.9945429740791268, 0.990450204638472, 0.9931787175989086, 0.9959072305593452, 0.9945429740791268, 0.9931787175989086, 0.9890859481582538, 0.9918144611186903, 0.9931787175989086, 0.9972714870395635, 0.9918144611186903, 0.9931787175989086, 0.9931787175989086, 0.990450204638472], "Pneumonia": [0.9931787175989086, 0.984993178717599, 0.9918144611186903, 0.9890859481582538, 0.984993178717599, 0.990450204638472, 0.9918144611186903, 0.984993178717599, 0.9931787175989086, 0.9959072305593452, 0.9890859481582538, 0.990450204638472, 0.9890859481582538, 0.9918144611186903, 0.990450204638472, 0.9931787175989086, 0.9931787175989086, 0.9877216916780355, 0.984993178717599, 0.9863574351978172], "Atelectasis": [0.9699863574351978, 0.9645293315143247, 0.9672578444747613, 0.9699863574351978, 0.9740791268758526, 0.9631650750341064, 0.9604365620736699, 0.975443383356071, 0.9631650750341064, 0.9713506139154161, 0.9631650750341064, 0.9713506139154161, 0.9768076398362893, 0.9727148703956344, 0.9454297407912687, 0.9727148703956344, 0.9672578444747613, 0.9836289222373806, 0.9686221009549796, 0.9699863574351978], "Pneumothorax": [0.9918144611186903, 0.9890859481582538, 0.9931787175989086, 0.9945429740791268, 0.9918144611186903, 0.9931787175989086, 0.9918144611186903, 0.9918144611186903, 0.9890859481582538, 0.9918144611186903, 0.9890859481582538, 0.9931787175989086, 0.9945429740791268, 0.9945429740791268, 0.9945429740791268, 0.9945429740791268, 0.9945429740791268, 0.9931787175989086, 0.9959072305593452, 0.990450204638472], "Pleural Effusion": [0.9590723055934516, 0.9522510231923602, 0.9386084583901774, 0.9577080491132333, 0.9645293315143247, 0.956343792633015, 0.9699863574351978, 0.9604365620736699, 0.9577080491132333, 0.9645293315143247, 0.9645293315143247, 0.9536152796725784, 0.9618008185538881, 0.9577080491132333, 0.975443383356071, 0.9727148703956344, 0.9781718963165075, 0.9590723055934516, 0.975443383356071, 0.9549795361527967], "Pleural Other": [0.9795361527967258, 0.9727148703956344, 0.9795361527967258, 0.9809004092769441, 0.9795361527967258, 0.9795361527967258, 0.9809004092769441, 0.9781718963165075, 0.9713506139154161, 0.9727148703956344, 0.9822646657571623, 0.9795361527967258, 0.9781718963165075, 0.9781718963165075, 0.9795361527967258, 0.9836289222373806, 0.9822646657571623, 0.9836289222373806, 0.9768076398362893, 0.9822646657571623], "Fracture": [0.9768076398362893, 0.9809004092769441, 0.9795361527967258, 0.9795361527967258, 0.9809004092769441, 0.975443383356071, 0.9822646657571623, 0.9699863574351978, 0.9727148703956344, 0.965893587994543, 0.9699863574351978, 0.9768076398362893, 0.9727148703956344, 0.975443383356071, 0.9795361527967258, 0.9836289222373806, 0.9727148703956344, 0.9686221009549796, 0.9672578444747613, 0.975443383356071], "Support Devices": [0.9331514324693042, 0.9208731241473397, 0.9399727148703957, 0.9358799454297408, 0.9386084583901774, 0.9358799454297408, 0.9263301500682128, 0.9631650750341064, 0.931787175989086, 0.9345156889495225, 0.9427012278308322, 0.9386084583901774, 0.9236016371077762, 0.9386084583901774, 0.9413369713506139, 0.927694406548431, 0.9454297407912687, 0.9358799454297408, 0.9413369713506139, 0.931787175989086]}, "MLP": {"No Finding": [0.8867667317390442, 0.8963165283203125, 0.8867667317390442, 0.8826739192008972, 0.8840382099151611, 0.878581166267395, 0.8594815731048584, 0.8976807594299316, 0.8990450501441956, 0.8894952535629272, 0.9058663249015808, 0.9017735123634338, 0.9045020341873169, 0.8949522376060486, 0.8744884133338928, 0.8458390235900879, 0.8676671385765076, 0.8826739192008972, 0.8622100949287415, 0.8908594846725464], "Enlarged Cardiom.": [0.9236016273498535, 0.9331514239311218, 0.9522510170936584, 0.9154161214828491, 0.9249659180641174, 0.9331514239311218, 0.9467939734458923, 0.9386084675788879, 0.9386084675788879, 0.9467939734458923, 0.9358799457550049, 0.9427012205123901, 0.9358799457550049, 0.9276943802833557, 0.9399726986885071, 0.9208731055259705, 0.9549795389175415, 0.9427012205123901, 0.9249659180641174, 0.937244176864624], "Cardiomegaly": [0.9427012205123901, 0.9495224952697754, 0.9563437700271606, 0.9331514239311218, 0.9536153078079224, 0.9577080607414246, 0.9536153078079224, 0.9536153078079224, 0.941336989402771, 0.9467939734458923, 0.9563437700271606, 0.968622088432312, 0.9522510170936584, 0.9604365825653076, 0.9454297423362732, 0.9536153078079224, 0.9549795389175415, 0.9508867859840393, 0.9522510170936584, 0.9577080607414246], "Lung Lesion": [0.8976807594299316, 0.909959077835083, 0.9058663249015808, 0.8990450501441956, 0.8717598915100098, 0.8867667317390442, 0.8922237157821655, 0.8949522376060486, 0.9004092812538147, 0.8963165283203125, 0.8690313696861267, 0.9058663249015808, 0.8854024410247803, 0.8894952535629272, 0.8499317765235901, 0.8867667317390442, 0.8894952535629272, 0.8908594846725464, 0.8935880064964294, 0.8963165283203125], "Lung Opacity": [0.8990450501441956, 0.9085947871208191, 0.8990450501441956, 0.9113233089447021, 0.8717598915100098, 0.9058663249015808, 0.9085947871208191, 0.9085947871208191, 0.9072305560112, 0.8840382099151611, 0.8881309628486633, 0.8976807594299316, 0.8840382099151611, 0.9113233089447021, 0.8881309628486633, 0.8990450501441956, 0.8963165283203125, 0.9208731055259705, 0.8908594846725464, 0.9072305560112],