{
    "all-MiniLM-L12-v2": {
        "No Finding": {
            "accuracy": [
                0.8908594815825375,
                0.9154160982264665
            ],
            "sensitivity": [
                0.8839590443686007,
                0.8916967509025271
            ],
            "specificity": [
                0.8954545454545455,
                0.9298245614035088
            ],
            "time": [
                53.62945103645325,
                53.57241988182068
            ]
        },
        "Enlarged Cardiom.": {
            "accuracy": [
                0.9481582537517054,
                0.9386084583901774
            ],
            "sensitivity": [
                0.45714285714285713,
                0.4878048780487805
            ],
            "specificity": [
                1.0,
                0.9953917050691244
            ],
            "time": [
                53.62945103645325,
                53.57241988182068
            ]
        },
        "Cardiomegaly": {
            "accuracy": [
                0.956343792633015,
                0.9481582537517054
            ],
            "sensitivity": [
                0.49206349206349204,
                0.5263157894736842
            ],
            "specificity": [
                1.0,
                0.9969558599695586
            ],
            "time": [
                53.62945103645325,
                53.57241988182068
            ]
        },
        "Lung Lesion": {
            "accuracy": [
                0.9154160982264665,
                0.9045020463847203
            ],
            "sensitivity": [
                0.8714285714285714,
                0.8177966101694916
            ],
            "specificity": [
                0.9330783938814532,
                0.9456740442655935
            ],
            "time": [
                53.62945103645325,
                53.57241988182068
            ]
        },
        "Lung Opacity": {
            "accuracy": [
                0.9167803547066848,
                0.9045020463847203
            ],
            "sensitivity": [
                0.8557692307692307,
                0.8060344827586207
            ],
            "specificity": [
                0.940952380952381,
                0.9500998003992016
            ],
            "time": [
                53.62945103645325,
                53.57241988182068
            ]
        },
        "Edema": {
            "accuracy": [
                0.9877216916780355,
                0.9863574351978172
            ],
            "sensitivity": [
                0.0,
                0.0
            ],
            "specificity": [
                1.0,
                1.0
            ],
            "time": [
                53.62945103645325,
                53.57241988182068
            ]
        },
        "Consolidation": {
            "accuracy": [
                0.990450204638472,
                0.9918144611186903
            ],
            "sensitivity": [
                0.0,
                0.0
            ],
            "specificity": [
                1.0,
                1.0
            ],
            "time": [
                53.62945103645325,
                53.57241988182068
            ]
        },
        "Pneumonia": {
            "accuracy": [
                0.9972714870395635,
                0.9931787175989086
            ],
            "sensitivity": [
                0.0,
                0.0
            ],
            "specificity": [
                1.0,
                1.0
            ],
            "time": [
                53.62945103645325,
                53.57241988182068
            ]
        },
        "Atelectasis": {
            "accuracy": [
                0.9727148703956344,
                0.965893587994543
            ],
            "sensitivity": [
                0.7058823529411765,
                0.6296296296296297
            ],
            "specificity": [
                0.9926686217008798,
                0.9926362297496318
            ],
            "time": [
                53.62945103645325,
                53.57241988182068
            ]
        },
        "Pneumothorax": {
            "accuracy": [
                0.9931787175989086,
                0.9931787175989086
            ],
            "sensitivity": [
                0.0,
                0.0
            ],
            "specificity": [
                1.0,
                1.0
            ],
            "time": [
                53.62945103645325,
                53.57241988182068
            ]
        },
        "Pleural Effusion": {
            "accuracy": [
                0.9699863574351978,
                0.9672578444747613
            ],
            "sensitivity": [
                0.3125,
                0.25806451612903225
            ],
            "specificity": [
                1.0,
                0.9985754985754985
            ],
            "time": [
                53.62945103645325,
                53.57241988182068
            ]
        },
        "Pleural Other": {
            "accuracy": [
                0.9836289222373806,
                0.9699863574351978
            ],
            "sensitivity": [
                0.0,
                0.0
            ],
            "specificity": [
                1.0,
                1.0
            ],
            "time": [
                53.62945103645325,
                53.57241988182068
            ]
        },
        "Fracture": {
            "accuracy": [
                0.984993178717599,
                0.9768076398362893
            ],
            "sensitivity": [
                0.08333333333333333,
                0.0
            ],
            "specificity": [
                1.0,
                1.0
            ],
            "time": [
                53.62945103645325,
                53.57241988182068
            ]
        },
        "Support Devices": {
            "accuracy": [
                0.9331514324693042,
                0.9427012278308322
            ],
            "sensitivity": [
                0.125,
                0.19607843137254902
            ],
            "specificity": [
                1.0,
                0.998533724340176
            ],
            "time": [
                53.62945103645325,
                53.57241988182068
            ]
        }
    },
    "multi-qa-mpnet-base-dot-v1": {
        "No Finding": {
            "accuracy": [
                0.8908594815825375,
                0.9154160982264665
            ],
            "sensitivity": [
                0.8839590443686007,
                0.8916967509025271
            ],
            "specificity": [
                0.8954545454545455,
                0.9298245614035088
            ],
            "time": [
                66.48867440223694,
                66.71180963516235
            ]
        },
        "Enlarged Cardiom.": {
            "accuracy": [
                0.9481582537517054,
                0.9386084583901774
            ],
            "sensitivity": [
                0.45714285714285713,
                0.4878048780487805
            ],
            "specificity": [
                1.0,
                0.9953917050691244
            ],
            "time": [
                66.48867440223694,
                66.71180963516235
            ]
        },
        "Cardiomegaly": {
            "accuracy": [
                0.956343792633015,
                0.9481582537517054
            ],
            "sensitivity": [
                0.49206349206349204,
                0.5263157894736842
            ],
            "specificity": [
                1.0,
                0.9969558599695586
            ],
            "time": [
                66.48867440223694,
                66.71180963516235
            ]
        },
        "Lung Lesion": {
            "accuracy": [
                0.9154160982264665,
                0.9045020463847203
            ],